TwitchName,Sunglasses,Hat,Cape,Companion,Special
flyann,Sunglasses11,Hat11,Cape02,Companion,
pretzelhaus,Sunglasses11,Hat11,Cape04,Companion,
nobachono,Sunglasses11,Hat11,Cape,Companion,
shadowfan16,Sunglasses02,Hat02,Cape04,Companion,
sciencegeniusgirl,Sunglasses,,,,
undefined_n,Sunglasses,Hat,,Companion,
dewqu,Sunglasses11,Hat11,Cape07,Companion,
aprettyrose,,Hat02,,,
foolish_lad,Sunglasses11,Hat09,,Companion,
dabtec,Sunglasses02,Hat11,,Companion,
galaxydusking,Sunglasses11,Hat11,,Companion,
verraze,Sunglasses02,,,,
ilovefishing357,,Hat,,,
blookydoopy,Sunglasses06,,,,
rikiryuu,Sunglasses02,Hat,,,
doryk_krystania,Sunglasses11,Hat10,Cape09,Companion,
swingecko,Sunglasses,Hat02,,,
anoobisk,Sunglasses,Hat11,Cape,Companion,
zeoplez,Sunglasses04,Hat,Cape05,Companion,
bareyoursoul,Sunglasses02,Hat,,,
vigeneres,,Hat02,,,
onionalchemist,Sunglasses02,Hat04,,,
anten,Sunglasses11,Hat11,,,
valkiscalmor,Sunglasses,Hat,Cape06,Companion,
thefiggypudding,Sunglasses11,Hat04,Cape07,Companion,
ropsu33,Sunglasses11,Hat11,Cape05,Companion,
lorenxix_dagmos,Sunglasses11,Hat11,Cape06,Companion,
darkrai_drive,Sunglasses11,Hat11,Cape04,Companion,
melonstorm,Sunglasses03,Hat11,Cape10,Companion,
ravenghoul55,Sunglasses11,Hat11,Cape03,Companion,
soupslice,Sunglasses11,Hat11,Cape05,Companion,
merinomaraschino,Sunglasses,,,,
spenerico,,Hat04,,,
mediumhatlogantwo,Sunglasses02,Hat04,,,
an1hony28,Sunglasses,Hat02,,,
elethia29,Sunglasses02,Hat11,,Companion,
koune_samson,Sunglasses02,Hat04,,Companion,
tenasu_,Sunglasses04,Hat06,Cape08,Companion,
48salt,Sunglasses02,,,,
monikz100,Sunglasses02,Hat02,,,
somefalcomain74,Sunglasses08,Hat10,Cape06,Companion,
dicoray,Sunglasses11,Hat11,,Companion,
mister_aa,Sunglasses02,Hat10,Cape02,Companion,
solidst,Sunglasses11,Hat11,Cape10,Companion,
umbreonedu,Sunglasses09,Hat11,Cape10,Companion,
bezelea,Sunglasses,Hat02,,,
quasheck,Sunglasses06,,,Companion,
bardic01,Sunglasses02,Hat,,,
omegaerick12,Sunglasses03,Hat08,Cape02,Companion,
babyslamdunk,Sunglasses,Hat,,,
chefmh,Sunglasses02,Hat,,,
seeqprotectionsquad,Sunglasses,,,,
lednael,Sunglasses,Hat10,Cape,Companion,
centzonmimixcoa,Sunglasses11,Hat11,Cape02,Companion,
nikof309,Sunglasses,Hat,,,
alollypoop,Sunglasses08,Hat11,Cape06,Companion,
alfredogx,Sunglasses,Hat06,Cape,Companion,
blueocean2121,Sunglasses02,Hat,,,
razz_666,Sunglasses,Hat04,,,
aubreebree,Sunglasses07,Hat06,Cape02,Companion,
reesch,,Hat03,,,
cheebins__,Sunglasses,,,,
cannibaldaddy69,Sunglasses11,Hat,Cape06,Companion,
mudkip1013,Sunglasses11,Hat,Cape07,Companion,
basura_sama,Sunglasses,Hat,,,
micrononline,Sunglasses,Hat10,,Companion,
merouln,Sunglasses02,,,,
propermonk,Sunglasses08,Hat,Cape07,Companion,
ace_rimmer_,Sunglasses02,,,,
aromaladyrhea,Sunglasses11,Hat11,Cape09,Companion,
katsuart,Sunglasses02,Hat02,,,
letouriste_,Sunglasses11,Hat11,Cape06,Companion,
tameggy,Sunglasses11,Hat11,Cape02,Companion,
artophobic,Sunglasses02,Hat03,Cape,,
apektako,Sunglasses02,Hat04,,,
sgttin,Sunglasses11,Hat10,Cape06,Companion,
arka_nox,Sunglasses,,,,
sumsum213,Sunglasses,Hat02,,,
makeshiftowl,Sunglasses02,Hat,,Companion,
acro_hanbakka,Sunglasses02,Hat11,Cape10,Companion,
fiets_freek,Sunglasses02,Hat11,Cape06,Companion,
frostelus,Sunglasses,Hat11,Cape03,Companion,
copametic,Sunglasses,Hat04,,,
qtiphdtv,Sunglasses11,Hat11,Cape07,Companion,
chumbochumbi,Sunglasses11,Hat03,,,
billrex7,Sunglasses08,Hat08,,Companion,
whathahell,Sunglasses02,Hat04,Cape06,Companion,
nugbones,Sunglasses,Hat10,Cape10,Companion,
someanna,Sunglasses,Hat10,Cape09,Companion,
darksoulsnoway,Sunglasses08,Hat02,,Companion,
xepher994,Sunglasses,,,,
yutasura,,Hat02,,,
mwb51,Sunglasses11,Hat10,Cape05,Companion,
flowlightgames,Sunglasses02,,,,
awichan_,Sunglasses,Hat02,,,
regularamoeba,Sunglasses11,Hat04,,Companion,
darlantan_,Sunglasses11,Hat11,Cape05,Companion,
rocketisverynice,,Hat02,,,
kiyava,Sunglasses11,Hat11,Cape04,Companion,
miimo_co,Sunglasses11,Hat11,Cape04,Companion,
nosocksvb,,Hat02,,,
subparcitrus,Sunglasses11,Hat11,Cape06,Companion,
tenserad,Sunglasses02,Hat02,,,
mr_wallace97,Sunglasses10,Hat02,,,
whyialwyaslose,Sunglasses,Hat,,Companion,
euchre__,Sunglasses,Hat06,,,
xion723tv,Sunglasses,Hat,,,
gamefan6219,Sunglasses02,,,,
venro27,Sunglasses11,Hat11,Cape05,,
carcusm1,Sunglasses,,,,
sleepy0ne_,Sunglasses02,,,,
boigahs,,Hat02,,,
bijoutheocto,Sunglasses02,,,,
steshii,Sunglasses10,Hat11,Cape09,Companion,
benjydamager25,Sunglasses02,Hat02,,Companion,
masamune_shadow,Sunglasses11,Hat11,Cape07,Companion,
oyasumiyuni,Sunglasses,Hat02,,,
gorilladimension,Sunglasses07,Hat10,,Companion,
fuune,Sunglasses11,Hat09,,Companion,
creatrox,Sunglasses04,Hat02,,,
steeletheshow2,Sunglasses02,Hat02,,,
flowerkami,Sunglasses11,Hat,,,
crazykitty357,,Hat,,,
sijaxbones,Sunglasses11,Hat04,,Companion,
cheese_burger_man_,Sunglasses04,Hat11,,Companion,
tronop04,Sunglasses,Hat04,Cape05,Companion,
raiden603,Sunglasses03,Hat02,Cape02,Companion,
bobcat_named_bob,Sunglasses02,Hat11,,,
snakeshot457,Sunglasses11,Hat11,,Companion,
glitzychu,,Hat,,,
wonderdeluxe,Sunglasses11,Hat11,Cape,Companion,
matthaidi,Sunglasses,Hat,,Companion,
killer4free,Sunglasses,,Cape,Companion,
ashlone16956,Sunglasses02,Hat03,,Companion,
honeyteastar,Sunglasses02,Hat08,,Companion,
weelumpea,Sunglasses,Hat11,Cape02,Companion,
galaxyrocketeer,Sunglasses11,Hat11,,Companion,
lewd_tuna,Sunglasses11,Hat11,,,
araviiir,Sunglasses11,Hat04,Cape10,Companion,
chebird_,,Hat02,,Companion,
truboooo,,Hat03,,Companion,
scudhs,Sunglasses02,Hat,,Companion,
dahgraz,Sunglasses07,Hat11,,Companion,
daionvex,Sunglasses02,Hat04,,,
doodoograndma,Sunglasses02,Hat02,Cape06,Companion,
randyrandom13,Sunglasses02,Hat07,,,
lcolonq,,Hat02,,,
mrsqurly,Sunglasses,Hat,,,
alxice,,Hat02,,,
greatzucchin,Sunglasses11,Hat11,Cape05,Companion,
kongaa_,Sunglasses11,Hat03,Cape03,,
werkenheimer,Sunglasses11,Hat11,Cape08,Companion,
kappcake15,,Hat04,,,
gabriel_dot_a,Sunglasses11,Hat02,,,
saucetin17,,Hat02,,,
koopakida,,Hat03,,,
clairautomata,,Hat,,,
odoso_,Sunglasses04,Hat,Cape04,Companion,
pineapple2142,Sunglasses07,Hat11,,Companion,
th3n31t0r,,Hat04,,Companion,
rroggr,Sunglasses,Hat,,,
endermadoshi,Sunglasses04,Hat08,Cape06,Companion,
ungodlyaliencreation,,Hat03,,,
definettlyme,Sunglasses05,Hat11,Cape07,Companion,
jyuratodus_enjoyer,Sunglasses03,Hat04,,Companion,
ran5z,Sunglasses11,Hat11,Cape04,Companion,
kinshorin,Sunglasses09,Hat10,,Companion,
miketroidprime,Sunglasses,Hat03,Cape08,Companion,
justthejester3,,Hat03,,Companion,
ijustshotabirdie,Sunglasses07,Hat04,,Companion,
durbling,Sunglasses11,Hat03,,,
yosayoran,Sunglasses11,Hat11,,Companion,
oliiioliii,Sunglasses04,Hat11,,Companion,
derupiko,Sunglasses11,Hat11,Cape04,Companion,
chilidude111,Sunglasses02,Hat09,,,
peacemaker76,Sunglasses11,Hat11,,Companion,
ringognir,Sunglasses11,Hat11,Cape08,Companion,
krsx360,Sunglasses11,Hat11,Cape08,Companion,
bonqokill,Sunglasses,Hat,,Companion,
morrowsaurs,Sunglasses11,Hat11,Cape02,Companion,
amy_chaqueta,Sunglasses11,Hat11,Cape05,Companion,
zapperzen,,Hat02,,,
typhoonexe,Sunglasses02,Hat02,,,
arca776,Sunglasses,Hat10,,Companion,
treechenho,Sunglasses11,Hat11,Cape03,Companion,
doodlesprout,Sunglasses02,Hat,,,
volturnium,,Hat02,,,
cheddar_man23,,Hat04,,,
swingingbi,Sunglasses11,Hat04,,Companion,
asuravolt,Sunglasses10,Hat09,,Companion,
elzappallo,Sunglasses,Hat04,,Companion,
lexooooooooooooo,Sunglasses02,Hat02,,,
tristate_area,Sunglasses04,Hat,,,
wysh46,Sunglasses,Hat11,Cape07,Companion,
chadderbug136,Sunglasses04,Hat11,,Companion,
misterch1p,Sunglasses11,Hat11,,Companion,
heisenberg384,Sunglasses02,,,,
spaghettilord426,Sunglasses,Hat03,,,
bingo_doce,Sunglasses,,,,
shakarak,Sunglasses,Hat02,,,
zergloo,Sunglasses,,,,
unknownburrito02,Sunglasses11,Hat11,Cape04,Companion,
tozerific,Sunglasses11,Hat11,,Companion,
ochreous,,Hat02,,,
freak_moth,Sunglasses02,Hat04,,Companion,
scitto_,,Hat02,,,
hourheroyes,Sunglasses,Hat,Cape07,Companion,
treegk_,Sunglasses,Hat11,Cape04,Companion,
radispectre,Sunglasses05,Hat10,,Companion,
flodinmog,,Hat08,,,
beedee2555,Sunglasses11,Hat04,,,
chr0nogear,Sunglasses,Hat,,,
fenthescuffed,Sunglasses,,,,
finnspace0,Sunglasses11,,,Companion,
rakeoss,Sunglasses11,Hat04,,Companion,
lunamari_28,Sunglasses11,Hat11,Cape10,Companion,
sentientdino,Sunglasses,Hat,,Companion,
darkgaia64,Sunglasses07,Hat07,Cape05,Companion,
rustybucket111,Sunglasses10,,,,
guaranajuiceboy,Sunglasses11,Hat02,,,
mbartzart,,Hat03,,,
roselii49,Sunglasses,Hat,Cape06,Companion,
hughboi_,Sunglasses11,Hat04,,Companion,
anormalvampire,Sunglasses11,Hat11,Cape06,Companion,
inuush,Sunglasses02,Hat02,,,
mako109,Sunglasses11,Hat05,Cape10,Companion,
mathod,,Hat02,,,
mitrill_0,Sunglasses02,Hat04,,,
deathbybiscuit2,Sunglasses,,,,
benineight,,Hat03,,,
twomii,Sunglasses03,Hat04,,Companion,
lazyjoe326,Sunglasses11,Hat11,,,
miffibo,Sunglasses02,Hat,,Companion,
randomnpc445,Sunglasses11,Hat11,,Companion,
lordnap,Sunglasses05,Hat11,,Companion,
ruler_dia,Sunglasses04,Hat11,Cape06,Companion,
jovegar,Sunglasses,Hat04,,,
kazucchino,Sunglasses11,Hat,,Companion,
sleeby0,Sunglasses02,Hat05,,,
alchemyknight,Sunglasses04,Hat11,,,
chape_verguenza,Sunglasses,Hat,,,
batida_de_koko,Sunglasses02,Hat07,,,
jayjaybat,,Hat03,,,
dapperdolphin,Sunglasses11,Hat,,Companion,
gnomebytes,Sunglasses,Hat07,Cape04,,
cardboardius_,Sunglasses02,,,,
implicitsnow,Sunglasses09,Hat05,,,
professorkabooom,Sunglasses,Hat,,,
chowdah101,Sunglasses07,Hat09,,Companion,
vicentec13,Sunglasses11,Hat11,Cape10,Companion,
katzoka,Sunglasses,Hat04,,Companion,
rhettybear,Sunglasses02,Hat02,,Companion,
goreshimaru,Sunglasses11,Hat11,Cape03,Companion,
dwifter24,Sunglasses08,Hat05,Cape10,Companion,
kuunmh,Sunglasses06,Hat08,,,
behavey,Sunglasses11,Hat11,Cape06,Companion,
kalestormtide,Sunglasses04,Hat11,Cape10,Companion,
zephyrblade15,Sunglasses,Hat04,,,
angryybot,Sunglasses09,Hat09,,,
syph3lix,Sunglasses02,Hat03,,,
violantfrizbe,Sunglasses02,Hat02,,,
mrtedgtx,Sunglasses11,Hat02,,Companion,
toonagii,Sunglasses11,Hat08,,,
restoredhalo901,Sunglasses,Hat02,,,
acidanam,Sunglasses,Hat11,,Companion,
wonderess_,Sunglasses05,Hat05,,Companion,
datboidoindading,Sunglasses11,Hat11,Cape03,Companion,
projectmanatees,Sunglasses11,Hat11,Cape,,
monoya_,Sunglasses,Hat04,,,
kitragnell,,Hat02,,,
xenobilby,Sunglasses11,Hat10,,Companion,
chillcat6,Sunglasses11,,,Companion,
tea0s,Sunglasses,,,,
astaloss_for_word,Sunglasses08,Hat03,,Companion,
seistrall,Sunglasses02,Hat11,Cape,Companion,
tjlxlr8,,Hat02,,,
ashsxlvr,,Hat03,,,
dorokumo,Sunglasses,Hat04,,,
ohtaco_,Sunglasses02,Hat04,,,
frostfall4,Sunglasses02,Hat02,,,
brebbabreb,Sunglasses07,Hat02,,,
abiorugu1,Sunglasses02,Hat04,,,
gretchup,Sunglasses,Hat,,,
birdiestboi,Sunglasses02,Hat02,,,
animio,Sunglasses02,,,,
fuzzyybones,Sunglasses,Hat02,,,
thekeybee,Sunglasses,Hat09,,,
faequeenapril,Sunglasses02,Hat04,,,
boatnote16,Sunglasses11,Hat11,,,
pepper_mint5654,Sunglasses02,Hat,,,
indiango,Sunglasses,Hat,,,
vamphage,Sunglasses02,,,,
bulbear_horror_peeper,Sunglasses02,Hat02,,,
clancy226,Sunglasses11,Hat,,Companion,
nuzell07,Sunglasses,Hat02,,Companion,
loyal_snafu,Sunglasses,Hat,Cape04,Companion,
spectrums909,Sunglasses02,,,,
lexorraine,Sunglasses06,Hat,,,
veccabot,Sunglasses,Hat04,,Companion,
balthizord,Sunglasses08,Hat04,,,
shellsho,Sunglasses07,Hat06,,Companion,
meatloaf231,Sunglasses,Hat02,,,
elevatorup,Sunglasses03,Hat04,,,
seexyb0y,,Hat02,Cape03,,
untio11,Sunglasses02,,,Companion,
chris_cookies,Sunglasses02,Hat,,Companion,
unfunny_asian,Sunglasses04,Hat,,Companion,
fblewyn,Sunglasses11,Hat11,Cape02,Companion,
j0hpa,,Hat02,,,
bimchmachine,Sunglasses,Hat09,,,
mahktheunyonlord,Sunglasses02,Hat02,,,
zuizzze,Sunglasses02,Hat,,,
kitkatmeowskis,,Hat04,,Companion,
suddzzytv,Sunglasses02,Hat03,,,
renren16,,Hat03,,,
verlama,,Hat04,,,
dizzy_eevee,,Hat03,,Companion,
kinetickyber,,Hat11,,Companion,
tobi90800,Sunglasses08,Hat09,,Companion,
seven_9art,Sunglasses,Hat,,,
sb_phantom,Sunglasses,Hat03,Cape10,,
lagiacrus_gaming,Sunglasses,Hat03,,Companion,
mrlammb,Sunglasses07,Hat06,Cape04,,
biglizzardo,Sunglasses02,,,,
fomarius,Sunglasses11,Hat11,Cape06,Companion,
leaky_the_legend,Sunglasses,Hat,,Companion,
dragonfyre342,Sunglasses04,Hat07,,,
ilbasu,Sunglasses11,Hat10,,,
wriyft,,Hat03,,Companion,
lordkongos,Sunglasses,Hat09,,,
kaiochi,Sunglasses,Hat04,,,
ebberry_jay,Sunglasses,Hat11,,Companion,
dotsnooze,,Hat04,,,
weewoomp4,Sunglasses02,Hat11,,Companion,
zobirismage,,Hat03,,,
wholesomeslacker,Sunglasses,Hat02,,Companion,
skaram000sh,Sunglasses04,Hat04,,,
gur0beetl3,,Hat02,,,
swiftdarkness,Sunglasses,Hat,Cape03,Companion,
happymuramasa,Sunglasses11,Hat11,,Companion,
stardax229955,Sunglasses,Hat04,Cape10,Companion,
dotcolin,,Hat,,,
silly_woman_,,Hat02,,,
eltaza,,Hat11,,Companion,
sophieboo37,,Hat,,,
vivioryfe,Sunglasses02,Hat03,,,
lemonbuba,Sunglasses04,Hat05,,Companion,
maypheus,,Hat,,Companion,
cauaamaro,Sunglasses02,,,,
hsgde,Sunglasses11,Hat02,,,
gahimlythegoblin,,Hat02,,,
ctdxii,Sunglasses02,Hat04,,,
skinnyisntreal,Sunglasses,,,,
rotaryrotini,,Hat03,,,
ahebr360,Sunglasses,Hat04,,,
brudi2137,Sunglasses04,Hat03,,,
bichrom,Sunglasses,,,Companion,
velcontill,Sunglasses,,,,
emptyantics,,Hat02,,,
elytran_101,Sunglasses11,Hat05,,,
durpypig17,Sunglasses11,Hat11,,Companion,
stinky_toefu,Sunglasses03,Hat,,Companion,
ayubnilili,Sunglasses02,Hat,,,
tykeeee_,Sunglasses02,Hat04,Cape10,Companion,
dogedemon05,,Hat03,,,
vervainquack,Sunglasses03,Hat03,,Companion,
nzechos,Sunglasses,Hat11,Cape08,Companion,
ernst_reinhart,Sunglasses,,,,
kiki_dae,Sunglasses11,Hat07,,,
logical_flamez,Sunglasses11,Hat11,,Companion,
abysswoofer,Sunglasses02,,,,
kosmosze,,Hat03,,,
zehex_,,Hat02,,,
prowl102,Sunglasses11,Hat11,,Companion,
xyzero14,Sunglasses,Hat09,,,
pilkin_o7,Sunglasses11,Hat03,,,
strawhatsasha,Sunglasses11,Hat03,,,
frankieblankie,,Hat02,,,
lav_enderz,Sunglasses,,,,
sirarck,Sunglasses,,,,
nutthabignut,Sunglasses,,,,
maidmagedev,Sunglasses,,,,
peskykuriboh,Sunglasses02,Hat04,,,
squishy_mints,Sunglasses,Hat06,,,
unfairb_,,Hat03,,,
juice3078,Sunglasses,Hat,,,
ch4rmand3r101,Sunglasses11,Hat11,,Companion,
pachapequena,Sunglasses06,Hat04,Cape08,Companion,
antserr,Sunglasses02,Hat03,,,
nocxii,Sunglasses07,Hat11,,Companion,
dillionmuse,Sunglasses,Hat,,,
slicedsternum,Sunglasses11,Hat11,,,
biansci_,Sunglasses,Hat06,Cape,Companion,
fletcherrenn1,Sunglasses,Hat03,,Companion,
jestervance,Sunglasses,,,,
indormationn,,Hat,,,
fat__unicorn__,Sunglasses11,Hat11,,,
moonlight1337__,,Hat,,,
shagmanriseth,Sunglasses02,Hat,,,
zavlack,,Hat,,,
vortexinnkeeper,,Hat04,,,
salvador242,Sunglasses02,Hat04,,Companion,
mutisu,,Hat02,,,
mrsummpy,Sunglasses02,Hat02,,,
requisjohnson4,,Hat03,,,
jokerofspades007,Sunglasses,Hat03,,,
l00ck1,Sunglasses,,,,
tateerrailcar,Sunglasses11,Hat11,Cape08,Companion,
chronah,Sunglasses08,Hat08,,Companion,
magicarrowgms,Sunglasses,Hat,,,
typclsean,Sunglasses,Hat,,,
transtankiegirl,Sunglasses04,Hat08,,Companion,
gatlabat,Sunglasses02,Hat04,,,
goxid,,Hat02,,,
juicehue,Sunglasses03,Hat06,,Companion,
jiyou3,Sunglasses06,Hat11,Cape06,Companion,
necrophyte_,,Hat,,,
coffeeandbonfires,Sunglasses02,Hat03,,,
akirohaeresis,,Hat02,,,
oliverreypea,Sunglasses02,,,,
lugiadrache,Sunglasses02,,,,
0dankeks0,,Hat04,,,
taichi65,Sunglasses,Hat03,,Companion,
riverbeastly,Sunglasses11,Hat11,Cape08,Companion,
tothemax9ooo,Sunglasses,Hat02,,,
kittyz123,,Hat03,,,
vonvante,Sunglasses11,Hat04,Cape08,Companion,
gingesoultakertgk,Sunglasses,Hat04,,Companion,
instantradical,Sunglasses02,Hat,,,
marchlite,Sunglasses,Hat,,,
argelschmargel,Sunglasses02,Hat,,,
possiblyjoe,Sunglasses,Hat04,,,
spaceydogey,Sunglasses02,Hat03,,,
big_pidge,,Hat02,,,
crimsonfatalis,Sunglasses11,,,,
cocoprismorectangulogico,,Hat04,,,
explosivekingdom,,Hat02,,,
octogenius,Sunglasses11,Hat11,Cape08,Companion,
vixoros,,Hat,,,
tarnishedgoon20,,Hat05,,Companion,
doodledom24,Sunglasses02,Hat,,,
c0relex,,Hat02,,,
acemimio,Sunglasses02,Hat03,,,
yaltabaoth,,Hat02,,Companion,
lukewildcat,,Hat11,,,
oxenford_,Sunglasses,Hat04,,Companion,
thermosocks,Sunglasses,Hat02,,,
biggestchees3,,Hat,,,
deepsavers,Sunglasses04,Hat11,Cape02,Companion,
jonjon123321,Sunglasses,Hat,,,
elizagirl,Sunglasses06,Hat11,,,
phoenix_smt,Sunglasses,Hat04,,,
robs2547,Sunglasses11,Hat11,,,
figaronewtyn,Sunglasses,,,,
jules_0515,Sunglasses07,Hat02,,,
carnobro2,Sunglasses,Hat07,,,
jakeysgameys,,Hat04,,,
homotron8000,Sunglasses11,Hat08,,Companion,
rojas_xd24,Sunglasses11,Hat11,,,
pixelapex,Sunglasses11,Hat11,,Companion,
rayvax1234,,Hat02,,,
wunaris34,Sunglasses05,Hat04,Cape03,Companion,
clairreplicant,Sunglasses,Hat,Cape09,Companion,
gammachu1,Sunglasses02,,,,
niralius,Sunglasses02,Hat04,,,
jimbojoe,Sunglasses02,Hat03,,,
octolimar,Sunglasses02,Hat03,,,
clusterfkuc,Sunglasses,,,,
ethanoyster,Sunglasses,Hat09,,Companion,
pressingbutt0ns,Sunglasses11,Hat11,,Companion,
dragonkisser69,Sunglasses11,Hat11,Cape10,Companion,
firenope,Sunglasses,Hat08,,Companion,
tuesdayyangel,Sunglasses11,Hat11,,,
vixumi,Sunglasses02,,,,
glowingbabyhead,Sunglasses09,Hat11,,Companion,
o_tal_lc,,Hat04,,,
mickynoon,Sunglasses11,Hat11,Cape02,Companion,
flipsside,Sunglasses04,Hat11,,,
zazuleafer1,Sunglasses11,Hat07,,,
cloudseaking,,Hat04,,Companion,
gblades13,,Hat02,,,
crazynova_01,,Hat02,,,
stringcellist,,Hat02,,,
spellingisoptional,,Hat03,,,
tucomaluc0,,Hat04,,Companion,
marblejams,Sunglasses09,,,,
memeredeem99,Sunglasses,Hat04,,,
lordfartamor,Sunglasses11,Hat11,Cape04,,
butter_213,Sunglasses02,Hat04,,,
ghiaccio_98,,Hat02,,,
nortdeoistrying,Sunglasses04,Hat03,Cape03,Companion,
rilf28,Sunglasses,Hat02,,,
maymrow,Sunglasses04,Hat11,,Companion,
beetleape_,Sunglasses04,Hat06,Cape03,Companion,
ayanami3,Sunglasses11,Hat11,,Companion,
bobzilladoge,Sunglasses,Hat,,,
firepik,,Hat02,,,
gavin613,Sunglasses04,Hat04,,,
erp0,,Hat02,,,
glaaasi,Sunglasses07,Hat09,,Companion,
winds2157,Sunglasses04,Hat05,,,
ganymedeprincess,Sunglasses06,Hat,,,
true_vermin,Sunglasses,Hat02,,,
flamingosamiright,Sunglasses,,,,
eggs_any_style,Sunglasses11,Hat11,Cape07,Companion,
enddrattheend,Sunglasses02,Hat02,,,
27relic,Sunglasses,Hat04,,Companion,
kyojii,Sunglasses,Hat,,,
hellamander,Sunglasses02,Hat09,,,
spooke_ghost,Sunglasses11,Hat03,,Companion,
nothin__new,Sunglasses,Hat05,,,
ze_spyro,,Hat03,,Companion,
orruner,Sunglasses11,Hat10,,Companion,
wintorn,Sunglasses11,,,,
expiredcannedbread,Sunglasses,,,,
rusemastr,Sunglasses02,Hat11,,Companion,
zim_ek,Sunglasses02,Hat09,,Companion,
aliceburn,Sunglasses,Hat04,,,
levicatguy,Sunglasses04,Hat10,,Companion,
shishes_spirit,,Hat05,,Companion,
nooooooooooooooooooooodle,Sunglasses07,Hat07,,,
dannyg359,Sunglasses11,Hat11,,Companion,
tawy23,Sunglasses03,Hat05,,Companion,
ciekawypl,Sunglasses10,Hat06,,,
c_falcon16,Sunglasses08,Hat04,,,
klovster,Sunglasses03,Hat,,,
strawbabe_,Sunglasses08,Hat10,,Companion,
addamow,Sunglasses08,,,,
smartsparrowsurfer,,Hat05,,,
xibition_,Sunglasses10,Hat09,,,
ezerox0,,Hat09,,,
axehardt,,Hat04,,,
ruxten,Sunglasses11,Hat11,,Companion,
tigerlilyknight,,Hat06,,,
pencilprawn,Sunglasses05,Hat08,,,
reppler,,Hat02,,,
ranero32,Sunglasses04,Hat,,,
caciocavallo,Sunglasses04,Hat,Cape08,Companion,
nioykak_,Sunglasses,,,,
replayer39,Sunglasses06,Hat09,,Companion,
kanithe,,Hat04,,,
politesl,,Hat02,,,
brickbrain__,Sunglasses,Hat,,,
char1zard1999,,Hat09,,Companion,
finluz_7,Sunglasses08,,Cape06,Companion,
trillfortheworld,,Hat,,,
duonala,Sunglasses07,Hat05,,,
beezul,,Hat04,,,
nohzro,,Hat05,,,
imm0rtalwaffles,Sunglasses11,Hat11,,Companion,
ideevo,,Hat11,,Companion,
fluffpuff420,Sunglasses03,Hat08,,,
raptormaster26,Sunglasses,Hat07,,,
mrlazy_person,Sunglasses,Hat11,,Companion,
dapy_r,Sunglasses,Hat,,,
mhninjabear,Sunglasses03,Hat09,,,
latincosmonaut,Sunglasses07,Hat04,,Companion,
watersunportal,Sunglasses03,Hat02,,Companion,
spectyyyyyy,Sunglasses10,Hat03,,Companion,
cuwwwy,,Hat05,,,
s1mply_b,Sunglasses11,Hat11,Cape07,Companion,
lunchbox33,,Hat09,,,
mrrobotototo,Sunglasses04,Hat05,,,
notcodespr,Sunglasses,Hat05,,,
ringdald,,Hat,,,
ted97331,,Hat05,,,
notkwin,,Hat05,,,
graffatal,Sunglasses07,Hat08,,Companion,
lukebarz,,Hat04,,,
criticalsora,Sunglasses,Hat08,,Companion,
kremdanieko,Sunglasses,Hat07,,Companion,
nebey,,Hat09,,,
myrinsul,Sunglasses06,Hat11,,Companion,
skeef23,Sunglasses07,Hat03,,Companion,
d4ntares,Sunglasses11,Hat11,,Companion,
biggiekool,Sunglasses04,Hat11,,Companion,
terribleninja11,,Hat05,,,
zealeptv,Sunglasses,Hat02,,Companion,
asamushi,Sunglasses04,Hat11,,Companion,
scoriadeluxe,Sunglasses04,Hat10,Cape08,Companion,
twinethefool,,Hat11,,Companion,
bebopspiegel,,Hat09,,,
imperialzebra067,,Hat06,,,
terrapin_turtle,,Hat08,,Companion,
alexinabyss,Sunglasses11,Hat06,,,
lobazinha,,Hat10,,,
stemstar2,Sunglasses08,Hat02,,Companion,
galliahad1k,,Hat05,,,
sodosnake,Sunglasses11,Hat11,Cape07,,
xyzerodrome,Sunglasses04,Hat08,,Companion,
turbomatth3w,Sunglasses08,,,,
codanimo,Sunglasses,Hat03,Cape05,Companion,
pastelmarbl3,,Hat,,,
topaz542,,Hat06,,,
gogogatsu,Sunglasses11,Hat03,,Companion,
roaringsurge51,,Hat05,,,
explosive_nebula,Sunglasses09,Hat09,Cape03,Companion,
alphax646,,Hat09,,,
cousinchal,Sunglasses11,Hat11,,Companion,
gaberocksyou,Sunglasses11,Hat11,Cape05,Companion,
nahcocz,,Hat,,,
giingerjesus,,Hat09,,Companion,
aiirstorm,Sunglasses08,Hat02,,,
greytheskeleton,Sunglasses10,,,,
inkquest,Sunglasses10,Hat10,,,
ximure,Sunglasses02,Hat05,,Companion,
kai_joe_,Sunglasses04,Hat09,,,
fearsfortears,Sunglasses09,Hat09,,Companion,
glassesjournal,,Hat09,,,
dylanrem314,Sunglasses05,Hat05,,,
pastasupper,Sunglasses02,Hat05,,,
sebmarine_,Sunglasses11,Hat11,,Companion,
rat_monky,Sunglasses05,Hat03,,Companion,
stormy_rainlemon,Sunglasses04,Hat11,,,
sicklylemon,,,Cape04,,
lousamodas,Sunglasses11,Hat11,,Companion,
flyannfan11,Sunglasses07,Hat,,,
tarlisu,Sunglasses04,Hat02,,,
mochiman123,,Hat,,,
sharkfacemagee,,Hat10,,,
dulledd,,Hat07,,,
borrachinhazinha,Sunglasses04,Hat09,,,
merth1019,Sunglasses07,Hat07,,Companion,
guido_waskaa,,Hat11,,Companion,
losco_figuro,Sunglasses05,Hat,Cape04,Companion,
xxshadowdustxx,,Hat03,Cape08,,
runesworn,Sunglasses11,Hat11,Cape03,Companion,
koocay,Sunglasses07,Hat,,,
thenooblordz,Sunglasses,Hat,,Companion,
allergictorye,Sunglasses04,Hat09,,,
destinyboy,Sunglasses05,Hat09,,,
tru_moose,Sunglasses11,Hat07,,Companion,
zyph73,Sunglasses06,Hat,,,
genieszer,Sunglasses05,Hat11,,,
dagnez,Sunglasses03,Hat04,Cape08,Companion,
pando_mustard,Sunglasses07,Hat07,,Companion,
nicottixd,Sunglasses04,Hat,,Companion,
aeonize_,Sunglasses07,,,Companion,
feargrimgard,Sunglasses06,Hat08,,,
shallach,,Hat09,,,
sting760,Sunglasses,Hat07,,Companion,
1paoru,Sunglasses04,Hat,,Companion,
pepperonislammer,Sunglasses09,Hat06,,Companion,
beechmus,Sunglasses08,Hat09,,Companion,
strangeblockcubey,Sunglasses06,Hat05,Cape08,Companion,
cubofeliz,,Hat02,,,
veewoomy,Sunglasses09,Hat11,,Companion,
strixterr,Sunglasses07,Hat06,,,
novetsuwu,Sunglasses04,Hat11,Cape03,Companion,
yehbooi,Sunglasses11,Hat11,Cape05,Companion,
desgax,Sunglasses06,Hat06,,Companion,
deyaasd,,Hat,,,
thesoggysheriff,Sunglasses06,Hat03,,,
leletubby_,,Hat04,,,
strikestyx,,Hat10,,Companion,
tafidaigon,Sunglasses03,Hat02,,,
chachow905,,Hat05,,,
vegetalanimal,Sunglasses07,Hat05,,Companion,
chumbucket66,Sunglasses04,Hat09,,,
wolfy2902,Sunglasses11,Hat11,,Companion,
fyxcigis,,Hat05,,Companion,
soapdoish,Sunglasses11,Hat11,Cape07,Companion,
koffeeconsumer,Sunglasses04,,,Companion,
kaibiscus,Sunglasses,Hat11,,Companion,
string_lights,,Hat06,,,
drachenbuster,Sunglasses,Hat05,Cape03,Companion,
thegiantpratty,Sunglasses11,Hat11,,Companion,
cargocrabs,Sunglasses04,Hat05,,,
singouini,Sunglasses04,Hat06,,Companion,
gigginox_,,Hat10,,,
xblessedbullet,,Hat05,,,
nerglia,Sunglasses11,Hat07,,Companion,
saebias,,Hat05,,Companion,
robby_or_rob_or_robert,,Hat02,,,
dittoburrito,,Hat05,,,
bevinsipzsoda,Sunglasses11,Hat11,Cape09,Companion,
prettyboyvini,Sunglasses10,Hat,,,
hirodtuo,Sunglasses04,Hat04,,Companion,
grimmund,Sunglasses08,Hat03,Cape08,Companion,
dorf1,Sunglasses10,Hat07,Cape03,Companion,
caliyurei,,Hat03,,,
slockymode,,Hat10,,,
likemike1174,Sunglasses08,Hat07,,,
chunkykong01,Sunglasses05,Hat05,,,
dankledunks,Sunglasses11,Hat11,Cape08,Companion,
froggedman,,Hat06,,,
fellfia,Sunglasses08,Hat11,,Companion,
cyanade0,Sunglasses06,Hat08,,Companion,
nanekons,,Hat09,,Companion,
niche_quiche,Sunglasses11,Hat08,,,
v3ine,,Hat10,,,
pfkabum,Sunglasses06,Hat05,,,
cvbnm7o,Sunglasses11,Hat05,,Companion,
tyteabags,Sunglasses04,,,,
skinny_gibby,Sunglasses07,Hat09,Cape07,Companion,
tameot,Sunglasses04,Hat11,,Companion,
marshal_ac,Sunglasses07,,,,
ghst_wlf,Sunglasses08,Hat07,,,
whomuo,Sunglasses11,Hat05,,Companion,
ghostberb2,Sunglasses11,,,,
flyann3,,Hat04,,Companion,
colt_gunner_mh,Sunglasses06,,,,
wazzulu,Sunglasses04,Hat06,,Companion,
king_0f_th3_grap3s,Sunglasses09,Hat05,,Companion,
lewtskie,,Hat03,,,
volcarona_wright,Sunglasses11,Hat,,Companion,
gazulu,,Hat05,,,
augstradus,Sunglasses07,Hat07,Cape08,,
danieldanida,Sunglasses04,Hat02,,,
bigmoney_jim,,Hat07,,,
arisothoth,Sunglasses07,Hat07,,Companion,
utadabb,,Hat02,,,
samius_lamius,,Hat10,,,
astridthetransgirl,Sunglasses04,Hat04,,,
dinogamer1228,Sunglasses06,Hat09,,,
dabeau96,Sunglasses11,Hat03,,Companion,
chercho,Sunglasses,Hat05,,,
demian161,Sunglasses02,Hat,,,
zsxdfv3,,Hat05,,,
kaniite,Sunglasses11,Hat11,Cape05,Companion,
phantasmagi,Sunglasses05,Hat10,,Companion,
scoutxm,,Hat03,,,
breceluu,Sunglasses05,Hat07,,,
the_fish_that_is_blob,Sunglasses11,Hat11,,Companion,
leapunt,Sunglasses04,Hat04,,Companion,
john_monsterhunter,Sunglasses11,Hat10,Cape04,Companion,
yahoowahooey,Sunglasses06,Hat10,,,
spektako,Sunglasses11,Hat11,,,
ballstheoriginal,,Hat06,,,
rdusk_huntress,Sunglasses11,Hat11,,Companion,
lopakoi,,Hat02,,,
livin_d34d_girl,Sunglasses07,Hat,,,
tomaetosauce,Sunglasses07,Hat08,,,
nfresco,,Hat05,,,
timozius_,Sunglasses05,Hat,,Companion,
flayncel,Sunglasses07,Hat10,,Companion,
glazmic_3,Sunglasses09,Hat03,,Companion,
jaden_syh,,Hat08,,,
shardandy,Sunglasses,Hat08,,,
sherryshibe,Sunglasses07,Hat04,,Companion,
overhaul180,Sunglasses11,Hat11,,Companion,
turkkuli,Sunglasses04,Hat11,,,
chargeboi,Sunglasses02,Hat03,Cape06,Companion,
matilyn_rf,,,Cape08,,
miggy17,Sunglasses11,Hat07,,,
megafishman,Sunglasses07,Hat,,Companion,
goombalubegaming,Sunglasses10,Hat11,,Companion,
jojolt14,Sunglasses08,Hat08,,Companion,
ceno0o,,Hat05,,,
atehoneymaru,,Hat07,,,
theotterslide,Sunglasses11,Hat11,,Companion,
claireplus,,Hat10,,,
nineb229,Sunglasses07,,,,
hezekielium,Sunglasses,Hat11,,Companion,
iwanthappyplz,Sunglasses03,Hat09,,Companion,
unpronounceabiename,Sunglasses04,Hat11,,Companion,
drainhaireater,Sunglasses11,Hat07,,Companion,
ydotmid,Sunglasses09,Hat06,,Companion,
brenzgaming1,Sunglasses10,,,,
opnoodle,,Hat05,,,
benyahman,Sunglasses11,Hat11,,Companion,
ghuibul,,Hat02,,Companion,
somistoquente,Sunglasses05,,,,
semerity,Sunglasses11,,,,
soggysheriff,Sunglasses07,Hat02,,,
selune__,,Hat02,,Companion,
cl_yel,Sunglasses,Hat11,,Companion,
dingeldine,Sunglasses,,,,
fenrir_vrc,Sunglasses11,Hat11,,,
marc_saint,Sunglasses06,Hat10,,Companion,
xiisaghostx,Sunglasses03,Hat05,,Companion,
diabowo,,Hat04,,Companion,
xeraph06,Sunglasses04,Hat04,,Companion,
m3l3,,Hat05,,Companion,
beached_guac,Sunglasses11,Hat07,,Companion,
flangonator,Sunglasses05,Hat08,,,
dillpixell,Sunglasses04,Hat05,,Companion,
cscs_v,Sunglasses07,Hat10,,Companion,
droogert345,Sunglasses07,Hat10,,Companion,
spectravoltaza,,Hat02,,Companion,
theactualbread,,Hat05,,,
garreth404,,,,Companion,
jerendraws,,,,Companion,
theinferneus,,Hat11,,Companion,
addieyikes,,,,Companion,
katoreaart,Sunglasses11,Hat11,,Companion,
beanzfromyt,,,,Companion,
b0ssbop27,,,,Companion,
joehanzo9577,,Hat11,,Companion,
muncheee_,Sunglasses05,Hat07,,Companion,
orkbraedan,,Hat11,,Companion,
masterwholigans,,,,Companion,
relic909,,,,Companion,
legianaaa,Sunglasses11,Hat11,,Companion,
uncr3ativen4me,,,,Companion,
numerousbugs,Sunglasses09,Hat02,,Companion,
pengunns,,,,Companion,
nocterrn,,,,Companion,
ragunachugs,Sunglasses04,Hat06,,Companion,
ratofwisdom,Sunglasses11,Hat11,,Companion,
2slimey777,,,,Companion,
dregbul,,Hat11,,Companion,
robrtsql,Sunglasses11,Hat11,,Companion,
ovroc_la,,,,Companion,
layeredcargo,,Hat11,,Companion,
nyaggles,,,,Companion,
kaine6454,,Hat,,Companion,
blaze0619,,,,Companion,
gangwolf2,Sunglasses08,,,Companion,
tsunee,,,,Companion,
holyrory,Sunglasses04,Hat05,,Companion,
mynameis8ball,,Hat10,,Companion,
0atmeal____,,,,Companion,
luciferin_,,,,Companion,
ultimatenobster,,,,Companion,
joeviel,,,,Companion,
mr_charr,Sunglasses08,,,Companion,
dunkwad,Sunglasses09,,,Companion,
dalucy8317,,,,Companion,
leeks_21,,Hat11,,Companion,
ishraq99,,,,Companion,
elehk99,Sunglasses04,Hat02,,Companion,
piloup_live,,,,Companion,
morn91,,,,Companion,
wallycastagnir,,,,Companion,
buttbag__,,,,Companion,
emohippie_,Sunglasses11,Hat11,,Companion,
bunkars,,,,Companion,
artchiee,,,,Companion,
penguinodortio42,,,,Companion,
wanderingbluething,,,,Companion,
wariza,Sunglasses11,Hat11,,Companion,
o_olampo_o,,,,Companion,
onomononia,,,,Companion,
karmascorner1174,Sunglasses05,,,Companion,
dansgabe,,Hat02,,,
mtavvvv,,,,Companion,
serthys1,,,,Companion,
cohidxtub,Sunglasses11,Hat09,,Companion,
ovlori,,,,Companion,
genvantes,Sunglasses09,Hat08,,Companion,
zev_cy,Sunglasses11,,,Companion,
nottstarr,,Hat08,,Companion,
soaphiroth,,,,Companion,
kajaran,,,,Companion,
thresh_exe,,,,Companion,
cro_docile,,,,Companion,
ziggxagg,,,,Companion,
dragonhunter003,,,,Companion,
myhticrain,,,,Companion,
rhytean,,,,Companion,
butterfiend,Sunglasses11,Hat05,,Companion,
chaotic111555,Sunglasses11,Hat08,,Companion,
rrrezz,,,,Companion,
milkermaniac,,,,Companion,
spooky2443,,,,Companion,
the5thedward,,,,Companion,
1shuckwe,Sunglasses04,Hat06,,Companion,
mistsplitter,,,,Companion,
gravediggerclub,,,,Companion,
kelioma,,Hat11,,Companion,
karikaripanko,,,,Companion,
glaedr58,,,,Companion,
n_ormus,,,,Companion,
nai2kay,,,,Companion,
lemonnomel34,,,,Companion,
tirsod,Sunglasses11,,,Companion,
kristy_sparks,,,,Companion,
snorl4xxer,,Hat05,,Companion,
xph3ri3r,,Hat05,,Companion,
themasterzelda,,,,Companion,
orothi,Sunglasses11,Hat04,,Companion,
veatto,,,,Companion,
astrodrak,,,,Companion,
tytsty,,Hat05,,Companion,
candymojo,,Hat09,,Companion,
hiraki_,Sunglasses11,Hat11,,Companion,
mmhlukas,,,,Companion,
psyionn,,Hat11,,Companion,
claym15,,,,Companion,
goditachi1,,,,Companion,
jim_puff,,,,Companion,
vylonaurum,,,,Companion,
macehead,,Hat,,Companion,
mediocremonkey,Sunglasses04,Hat02,,Companion,
trombonehunter,,,,Companion,
aroknayias,,Hat11,,Companion,
stemeche_,,,,Companion,
finefone,,,,Companion,
gh0stviper,,,,Companion,
daspoonman,,,,Companion,
dragonsighted,,,,Companion,
xooshhh,,,,Companion,
joshuwottdelta,,,,Companion,
eepyduck,,,,Companion,
xtrastarsalt,,,,Companion,
freakmachine9000,Sunglasses11,Hat05,,Companion,
squishyytm,,,,Companion,
octifakker,,,,Companion,
villicine,,,,Companion,
thetestbread,,,,Companion,
tabledrop12,,,,Companion,
benski8889,Sunglasses11,Hat11,,Companion,
danklindroosevelt,,,,Companion,
ballistix_guy99,,Hat11,,Companion,
paipel,,,,Companion,
firesmoke40,,,,Companion,
archible,Sunglasses11,,,Companion,
yusafbalochh,,,,Companion,
bombasticbiatch,,,,Companion,
charlie_abe,,,,Companion,
twitchandrews32,,,,Companion,
feartheswarmm,Sunglasses11,Hat11,,Companion,
bullskull34,Sunglasses11,,,Companion,
strawberrypossumluv,Sunglasses11,Hat11,,Companion,
yeahwell12,Sunglasses08,Hat07,,Companion,
mothmanmcgraw,,,,Companion,
a_welsh_cat,Sunglasses10,,,Companion,
lavren,,,,Companion,
jinnaaay,,,,Companion,
hoyhoy1st,,,,Companion,
toadtem,,,,Companion,
flyannscablerat,Sunglasses08,Hat04,,Companion,
slayer94389,,,,Companion,
theamightylemon,,,,Companion,
generalresource,,,,Companion,
doggoman900,,,,Companion,
voxelheart,Sunglasses04,Hat02,,Companion,
ghoulgran,,,,Companion,
obi475,,,,Companion,
thesaimain,,,,Companion,
lunar_bee27,Sunglasses06,,,Companion,
zoldo0,,Hat02,,Companion,
paravt,,,,Companion,
ngpearince,,,,Companion,
adawiya_rolan,,Hat11,,Companion,
casualmarcelo,,,,Companion,
aiexfive,,Hat02,,Companion,
steeledshield,Sunglasses07,Hat11,,Companion,
salva97976,,,,Companion,
choppermanz,,,,Companion,
regency_lux,,,,Companion,
cryosemtx,,,,Companion,
saltysuku,,,,Companion,
nnot,,,,Companion,
daviidgeese,Sunglasses11,Hat11,,Companion,
imankrynx,,,,Companion,
nogametillbrooklyn,,,,Companion,
noriako,,,,Companion,
slothisgood,,,,Companion,
trogjarn,,,,Companion,
adamthegaming,Sunglasses11,Hat11,,Companion,
loamff,Sunglasses04,Hat,,Companion,
yopic1,,,,Companion,
hacckysacck,,,,Companion,
beninbeds,,,,Companion,
pebs,,,,Companion,
xwarllordx,,,,Companion,
tomnotcalm,,,,Companion,
titankelsou,,,,Companion,
dustin0690,,,,Companion,
luispaulosoncini,,,,Companion,
cancermeanscrab,Sunglasses11,Hat06,,Companion,
mamasiccck,Sunglasses11,Hat11,,Companion,
karrich606,Sunglasses11,Hat02,,Companion,
vovevovee,,,,Companion,
nytehawke12,,,,Companion,
wemplethelad,,,,Companion,
kayonis,,Hat08,,Companion,
s4m3h3r0,,,,Companion,
mrmr1019,,Hat09,,Companion,
bathezid,Sunglasses03,Hat05,Cape10,Companion,
actualhmantrash,,,,Companion,
21magpies,,Hat11,,Companion,
mongolianchophasegawa,,,,Companion,
r3licsavi0r117,Sunglasses11,Hat11,Cape03,Companion,
oocram,Sunglasses03,Hat02,,Companion,
2voids,,,,Companion,
frakendeed,,,,Companion,
lacruscadragall,Sunglasses07,Hat04,,Companion,
oiivaetiny,,,,Companion,
uber_uncle,,,,Companion,
shindigs,,,,Companion,
ohniito,,,,Companion,
panniestyun,,,,Companion,
ronald200in,,,,Companion,
thrilling_game,Sunglasses04,Hat11,Cape07,Companion,
gravelbones,,,,Companion,
dawnkn1ght,,,,Companion,
sour_gin,Sunglasses,,,Companion,
prince__b,,Hat05,,Companion,
playtationportable,,,,Companion,
za_cube,,Hat02,,,
spontonk,,Hat05,,,
mariusv9,Sunglasses06,Hat05,,,
cedricleon,Sunglasses04,Hat11,,,
masked_reaper00,Sunglasses07,Hat09,,,
gentrigger,Sunglasses11,Hat06,,,
justlollygags,Sunglasses09,,,,
aracuya,,Hat10,,,
n0uty,,Hat08,,,
witchhatsalem,,Hat10,,,
xanju,,Hat02,,,
mrpokethings,,Hat02,,,
chobanyan,,Hat05,,,
thepiratecommander,,Hat05,,,
gary_the_gigagoose,Sunglasses04,Hat08,,,
danjjak2,,Hat02,,,
jevoneastham,,Hat10,,,
sohca_,,Hat06,,,
ardent5_,,Hat02,,,
blockmaster4ever,Sunglasses11,Hat11,,,
7amreefermadness,,Hat02,,,
fritzfritzlerfritz,,Hat05,,,
ascendedgoatprince,Sunglasses02,Hat05,,,
pronouncedmelow,Sunglasses11,Hat11,,,
serialrathkiller,Sunglasses08,Hat07,,,
racethefox,Sunglasses09,Hat11,,,
domi_wizza,,Hat08,,,
vultoops,,Hat09,,,
rhuuarc,,Hat09,,,
saildust,Sunglasses11,Hat05,,,
callmetiamat,,Hat03,,,
pltnmchozo,,Hat11,,,
chrazeee,Sunglasses,Hat11,Cape07,,
notbearclavv,Sunglasses,Hat11,Cape09,,
the_spirit_king_,Sunglasses02,Hat04,,,
lalalucia_,,Hat07,,,
lemymari,,Hat02,,,
liviemilk,,Hat02,,,
softerpants,,Hat,,,
gibbuy,,Hat09,,,
slimecy,Sunglasses02,Hat11,Cape10,,
sisnax,,Hat05,,,
dark_odo_garon,,Hat07,,,
phosrii,Sunglasses07,Hat11,,,
nurpaul02,Sunglasses10,Hat09,,,
evil214k,,Hat10,,,
shadyguu,,Hat10,,,
patchwork___,,Hat11,,,
vertiguous,Sunglasses11,Hat09,,,
n3rdqueen,,Hat06,,,
b00ls,Sunglasses11,Hat02,,,
skrothau,Sunglasses09,Hat04,,,
mrstafur,Sunglasses08,Hat07,,,
yatoyatoyatoyatoyato,Sunglasses07,,,,
zajola,Sunglasses11,Hat11,,,
flyannscablecat,,Hat05,,,
gooburt_the_goober,Sunglasses04,Hat07,,,
dapotatotm,,Hat07,,,
apollo13a,Sunglasses03,Hat06,,,
angeldanni_nj,Sunglasses11,Hat11,,,
django1441,,Hat06,,,
statenegative,,Hat03,,,
rooshavik,Sunglasses09,Hat11,,,
lextersdab,Sunglasses03,Hat11,,,
mdub2326,,Hat11,,,
nichdeinbrodie,Sunglasses11,Hat11,,,
eragon2503,Sunglasses10,Hat,Cape04,,
arogoto,Sunglasses06,,,,
slipupttv,Sunglasses11,Hat11,,,
arnatuile_,Sunglasses11,Hat11,,,
aged_rain,,Hat11,,,
orbyboi11,Sunglasses08,Hat04,,,
lunarbun,,Hat11,,,
spectre1__6,Sunglasses11,Hat11,,,
gurmet123,Sunglasses11,Hat09,,,
grievy_z,,Hat11,,,
supergodultralid,Sunglasses11,Hat11,,,
avarisclari,,Hat11,,,
raijin_hunter,,Hat11,,,
nicklon,,Hat11,,,
natezsilli,,Hat11,,,
exoskellet,,Hat11,,,
virdinand,Sunglasses11,Hat11,,,
sergalbait,,Hat11,,,
noahtje333,,Hat11,,,
salted_sweets_,,Hat11,,,
rickescalona57,Sunglasses11,Hat11,,,
averagedebt,,Hat05,,,
pucci444,,Hat11,,,
windycadence,,Hat11,,,
unsackodemaiz,,Hat11,,,
demonicsquidprime,Sunglasses11,Hat11,,,
krakilipigas,,Hat11,,,
micro_maphia,,Hat11,,,
thanks_nothanks,,Hat11,,,
mb_giggles,Sunglasses08,Hat04,,,
splobee,Sunglasses10,Hat11,,,
uinntage,Sunglasses11,Hat11,,,
slyandthegang,Sunglasses11,Hat11,,,
billpeeps,,Hat11,,,
apocalypseprime,,Hat02,,,
j_novice,,Hat11,,,
chokingonrazors,Sunglasses11,Hat11,,,
obelisk_1537,,Hat11,,,
upsettiestag,Sunglasses11,Hat11,,,
mysticdistrict,Sunglasses09,Hat11,,,
nzraygo,Sunglasses11,Hat11,,,
avianahtna,,Hat10,,,
shockandawh,,Hat11,,,
cringedevil,,Hat11,,,
swevenam,,Hat11,,,
elativv,,Hat11,,,
s_plus_trust,,Hat11,,,
brambutterham,,Hat11,,,
coolcat8997,,Hat11,,,
ophelia161,Sunglasses11,Hat11,,,
tierren,,Hat11,,,
violafrith,,Hat11,,,
trans_braixen,Sunglasses11,Hat05,,,
scumurai,,Hat11,,,
mbgov1133,,Hat11,,,
x1deadlyxninjax,Sunglasses11,Hat11,,,
raisssu,Sunglasses11,Hat11,,,
lipigasoficial,,Hat04,,,
feyhaeven,Sunglasses11,,,,
praktica_,Sunglasses11,,,,
new_richochet,Sunglasses11,,,,
pixel_berry98,Sunglasses11,,,,
radi0statiic,Sunglasses11,,,,
vervainvt,Sunglasses11,,,,
realfrostyct,Sunglasses11,,,,
jaxsouls,Sunglasses11,,,,
monsterhunterproo,Sunglasses11,,,,
slayer_of_nuggies,Sunglasses11,Hat06,,,
gameplaya211,Sunglasses11,Hat05,,,
xhiggy,Sunglasses11,,,,
gialime,Sunglasses11,,,,
ivory0ivory,Sunglasses11,,,,
lesbotron3000,Sunglasses11,,,,
lawlmakii,Sunglasses11,,,,
cherryfairytv,Sunglasses11,,,,
retailemployee,Sunglasses11,,,,
triface_,Sunglasses11,,,,
fioriole,Sunglasses11,,,,
astronyu_,Sunglasses11,Hat08,,,
overmachogrande,Sunglasses11,,,,
monozyto,Sunglasses11,,,,
frig0rito,Sunglasses11,,,,
huebmayer,Sunglasses11,,,,
al_ex,Sunglasses11,,,,
michanical,Sunglasses11,,,,
pdkingy,Sunglasses11,,,,
nuraweick,Sunglasses11,,,,
bombadgy,Sunglasses11,,,,
doctorarcfire42,Sunglasses11,Hat02,,,
a_leafar336,Sunglasses11,,,,
questionable_0,Sunglasses11,,,,
sweggy_pete,Sunglasses11,,,,
naomikon,Sunglasses11,,,,
defileusfgc,Sunglasses11,,,,
petric0re_,Sunglasses11,,,,
idoso_gabriel,Sunglasses11,,,,
predthemed,Sunglasses11,,,,
sauce2o2o,Sunglasses11,,,,
twofortypee,Sunglasses11,Hat03,,,
diziouf,Sunglasses11,Hat07,,,
rem1con,Sunglasses11,,,,
the_h3rpa,Sunglasses11,,,,
machkeynist,Sunglasses11,,,,
tfdzach,Sunglasses11,,,,
sirgek,Sunglasses11,,,,
cristiang223,,Hat10,,,
atarixfox,Sunglasses11,,,,
sm_roii,Sunglasses11,,,,
frogridaaaa,Sunglasses11,,,,
corycarpenter9,Sunglasses11,,,,
euclideia,Sunglasses11,,,,
crankhog,Sunglasses06,Hat02,,,
nibelle_,,Hat08,,,
redclashking,,Hat05,,,
dungpod,,Hat05,,,
extra__thicc,Sunglasses02,Hat06,Cape04,,
kaizenchaos,Sunglasses04,,,,
meb_o0,,Hat04,,,
h00dines,Sunglasses06,Hat10,Cape08,,
uncreativesword,Sunglasses09,Hat05,Cape04,,
ltrain0311,,Hat05,,,
breedableboy42,Sunglasses10,,,,
ian_fivenumbers,,Hat10,,,
zebrastripes,Sunglasses03,,,,
lemon_gator,Sunglasses07,Hat03,,,
borosepheles,Sunglasses04,Hat02,,,
lyerrum,,Hat09,,,
paternalputo,Sunglasses08,Hat06,,,
jodgemoot,Sunglasses,Hat10,,,
lioragaming,,Hat04,,,
talkal,,Hat03,,,
brohighvlady,Sunglasses03,Hat06,,,
raxigis4,,Hat09,,,
bazeigoose,Sunglasses06,Hat10,,,
zci5250,,Hat04,,,
fallnsunflowers,,Hat03,,,
dudelite,Sunglasses03,Hat09,,,
makscold5095,Sunglasses06,Hat08,,,
triggrhppy,,Hat08,,,
becomelost,Sunglasses07,Hat05,,,
vapor_sai_lulu,Sunglasses08,Hat09,,,
alukais,,Hat05,,,
johnnyhoestar,Sunglasses08,,,,
cloudymusic,Sunglasses04,Hat03,,,
demonic_muffin_,,Hat05,,,
biribolho,Sunglasses04,Hat02,,,
ve__s,,Hat05,,,
kasablaz,Sunglasses04,,,,
mana_xy,Sunglasses08,Hat10,,,
casualbeing,,Hat10,,,
elo_porketo,,Hat07,,,
vasabiboy,,Hat,,,
pixelatednurse,,Hat07,,,
outsiderlife,,,Cape10,,
chairrrrrr0,Sunglasses07,,,,
owpidagoat,,Hat09,,,
cptburtreynolds,,Hat02,,,
shiroyami_4,,Hat05,,,
veisper,,Hat10,,,
rockieroach,,Hat05,,,
inhergranddelusion,,Hat05,,,
",DefaulT,",,,,,
